{"0": [[["0", "0"], ["0", "1"], ["2", "2"], ["2", "3"], ["3", "1"], ["3", "2"]], [["0", "1"], ["1", "1"], ["1", "2"], ["2", "0"], ["3", "0"], ["3", "2"]], [["0", "1"], ["1", "0"], ["1", "2"], ["2", "1"], ["2", "3"], ["3", "3"]], [["0", "1"], ["0", "2"], ["1", "0"], ["1", "3"], ["2", "0"], ["2", "1"]], [["0", "0"], ["0", "3"], ["1", "2"], ["2", "1"], ["3", "0"], ["3", "2"]], [["0", "0"], ["0", "3"], ["1", "0"], ["1", "2"], ["2", "3"], ["3", "2"]], [["0", "1"], ["0", "2"], ["1", "1"], ["2", "0"], ["2", "2"], ["3", "0"]], [["1", "2"], ["1", "3"], ["2", "0"], ["2", "1"], ["3", "0"], ["3", "3"]], [["0", "2"], ["1", "1"], ["2", "2"], ["2", "3"], ["3", "1"], ["3", "3"]], [["0", "3"], ["1", "2"], ["1", "3"], ["2", "1"], ["3", "1"], ["3", "2"]], [["0", "0"], ["0", "1"], ["1", "2"], ["2", "0"], ["2", "3"], ["3", "2"]], [["0", "0"], ["0", "2"], ["0", "3"], ["1", "2"], ["2", "3"], ["3", "0"]], [["0", "0"], ["0", "2"], ["0", "3"], ["1", "3"], ["2", "2"], ["3", "0"]], [["0", "0"], ["0", "1"], ["0", "2"], ["1", "1"], ["2", "0"], ["3", "2"]], [["0", "0"], ["0", "1"], ["1", "1"], ["1", "3"], ["2", "1"], ["2", "2"]], [["0", "0"], ["0", "1"], ["2", "0"], ["2", "3"], ["3", "1"], ["3", "2"]]], "1": [[["0", "1"], ["0", "3"], ["1", "0"], ["1", "1"], ["3", "0"], ["3", "2"]], [["0", "1"], ["0", "3"], ["2", "1"], ["2", "2"], ["3", "0"], ["3", "1"]], [["0", "2"], ["1", "1"], ["1", "3"], ["2", "3"], ["3", "1"], ["3", "2"]], [["0", "0"], ["0", "1"], ["2", "2"], ["2", "3"], ["3", "1"], ["3", "2"]], [["0", "1"], ["1", "0"], ["1", "1"], ["1", "3"], ["2", "0"], ["3", "3"]], [["0", "0"], ["1", "2"], ["2", "0"], ["2", "3"], ["3", "2"], ["3", "3"]], [["0", "0"], ["0", "2"], ["1", "1"], ["1", "2"], ["3", "2"], ["3", "3"]], [["0", "2"], ["1", "1"], ["1", "2"], ["2", "1"], ["3", "0"], ["3", "3"]], [["0", "2"], ["1", "1"], ["2", "1"], ["2", "2"], ["2", "3"], ["3", "3"]], [["0", "1"], ["0", "3"], ["1", "3"], ["2", "1"], ["3", "0"], ["3", "2"]], [["0", "0"], ["0", "3"], ["2", "0"], ["2", "1"], ["3", "0"], ["3", "2"]], [["0", "0"], ["0", "3"], ["1", "0"], ["1", "1"], ["2", "2"], ["2", "3"]], [["0", "0"], ["0", "1"], ["1", "1"], ["1", "2"], ["2", "2"], ["2", "3"]], [["0", "0"], ["1", "1"], ["2", "3"], ["3", "0"], ["3", "1"], ["3", "2"]], [["0", "0"], ["0", "1"], ["2", "1"], ["2", "2"], ["3", "1"], ["3", "3"]], [["0", "2"], ["1", "3"], ["2", "0"], ["2", "2"], ["3", "0"], ["3", "3"]]], "2": [[["0", "0"], ["1", "1"], ["2", "0"], ["2", "2"], ["3", "1"], ["3", "2"]], [["0", "2"], ["0", "3"], ["1", "0"], ["2", "1"], ["2", "3"], ["3", "0"]], [["0", "0"], ["0", "2"], ["1", "1"], ["1", "3"], ["3", "2"], ["3", "3"]], [["0", "1"], ["1", "2"], ["2", "0"], ["2", "1"], ["2", "3"], ["3", "3"]], [["0", "0"], ["1", "3"], ["2", "0"], ["2", "3"], ["3", "1"], ["3", "2"]], [["0", "0"], ["0", "3"], ["1", "1"], ["2", "0"], ["2", "1"], ["3", "3"]], [["0", "0"], ["0", "1"], ["1", "1"], ["1", "3"], ["3", "0"], ["3", "2"]], [["0", "1"], ["0", "3"], ["1", "0"], ["2", "3"], ["3", "0"], ["3", "1"]], [["0", "3"], ["1", "2"], ["2", "1"], ["2", "2"], ["3", "1"], ["3", "3"]], [["0", "2"], ["0", "3"], ["1", "0"], ["1", "1"], ["3", "1"], ["3", "3"]], [["0", "1"], ["0", "2"], ["1", "0"], ["1", "2"], ["2", "0"], ["2", "3"]], [["1", "0"], ["1", "3"], ["2", "1"], ["2", "3"], ["3", "1"], ["3", "2"]], [["0", "1"], ["0", "3"], ["1", "2"], ["1", "3"], ["2", "0"], ["2", "3"]], [["0", "1"], ["0", "3"], ["1", "0"], ["2", "0"], ["2", "3"], ["3", "1"]], [["0", "1"], ["0", "2"], ["1", "0"], ["2", "0"], ["2", "3"], ["3", "3"]], [["0", "0"], ["1", "2"], ["1", "3"], ["2", "1"], ["2", "2"], ["3", "0"]]], "3": [[["0", "1"], ["0", "2"], ["1", "0"], ["2", "1"], ["3", "0"], ["3", "2"]], [["0", "0"], ["1", "1"], ["1", "2"], ["2", "1"], ["3", "0"], ["3", "2"]], [["0", "1"], ["1", "2"], ["1", "3"], ["2", "1"], ["3", "0"], ["3", "3"]], [["0", "0"], ["0", "2"], ["1", "1"], ["1", "2"], ["2", "0"], ["3", "1"]], [["0", "0"], ["0", "2"], ["1", "1"], ["1", "2"], ["2", "1"], ["2", "3"]], [["1", "1"], ["1", "2"], ["2", "0"], ["2", "3"], ["3", "1"], ["3", "3"]], [["1", "1"], ["1", "3"], ["2", "2"], ["2", "3"], ["3", "0"], ["3", "2"]], [["0", "1"], ["0", "2"], ["1", "2"], ["2", "0"], ["2", "3"], ["3", "1"]], [["0", "0"], ["0", "3"], ["1", "1"], ["2", "2"], ["2", "3"], ["3", "1"]], [["0", "1"], ["0", "2"], ["1", "3"], ["2", "0"], ["2", "2"], ["3", "3"]], [["0", "2"], ["0", "3"], ["1", "2"], ["2", "1"], ["2", "3"], ["3", "1"]], [["0", "1"], ["0", "3"], ["1", "0"], ["1", "2"], ["3", "0"], ["3", "1"]], [["0", "0"], ["0", "3"], ["1", "2"], ["1", "3"], ["2", "0"], ["2", "1"]], [["0", "0"], ["1", "3"], ["2", "0"], ["2", "1"], ["2", "2"], ["3", "2"]], [["0", "0"], ["0", "1"], ["0", "2"], ["1", "1"], ["2", "2"], ["3", "0"]], [["0", "3"], ["1", "0"], ["1", "2"], ["2", "1"], ["3", "1"], ["3", "3"]]], "4": [[["0", "2"], ["1", "3"], ["2", "1"], ["2", "3"], ["3", "1"], ["3", "2"]], [["0", "2"], ["1", "1"], ["1", "3"], ["2", "2"], ["3", "0"], ["3", "3"]], [["0", "3"], ["1", "1"], ["1", "3"], ["2", "1"], ["3", "0"], ["3", "2"]], [["0", "0"], ["0", "1"], ["1", "2"], ["1", "3"], ["2", "0"], ["2", "2"]], [["1", "0"], ["1", "2"], ["2", "0"], ["2", "3"], ["3", "0"], ["3", "1"]], [["0", "0"], ["0", "3"], ["1", "2"], ["1", "3"], ["2", "1"], ["3", "0"]], [["0", "0"], ["0", "1"], ["1", "1"], ["1", "3"], ["2", "0"], ["3", "3"]], [["0", "0"], ["1", "1"], ["2", "0"], ["2", "3"], ["3", "1"], ["3", "3"]], [["0", "0"], ["0", "3"], ["2", "1"], ["2", "2"], ["3", "0"], ["3", "1"]], [["0", "0"], ["0", "3"], ["1", "2"], ["1", "3"], ["3", "0"], ["3", "1"]], [["0", "2"], ["1", "0"], ["1", "3"], ["2", "2"], ["2", "3"], ["3", "0"]], [["0", "0"], ["0", "1"], ["2", "1"], ["2", "2"], ["3", "1"], ["3", "3"]], [["0", "1"], ["0", "2"], ["2", "1"], ["2", "3"], ["3", "0"], ["3", "2"]], [["0", "0"], ["0", "1"], ["1", "0"], ["1", "2"], ["2", "2"], ["3", "1"]], [["0", "0"], ["0", "2"], ["1", "3"], ["2", "3"], ["3", "1"], ["3", "2"]], [["0", "2"], ["1", "0"], ["2", "1"], ["2", "2"], ["3", "0"], ["3", "1"]]], "5": [[["0", "1"], ["0", "2"], ["1", "3"], ["2", "3"], ["3", "0"], ["3", "1"]], [["0", "0"], ["0", "1"], ["1", "2"], ["2", "1"], ["3", "0"], ["3", "2"]], [["0", "0"], ["0", "1"], ["1", "3"], ["2", "2"], ["2", "3"], ["3", "2"]], [["0", "0"], ["1", "0"], ["1", "2"], ["2", "3"], ["3", "2"], ["3", "3"]], [["0", "2"], ["1", "0"], ["2", "3"], ["3", "0"], ["3", "2"], ["3", "3"]], [["0", "1"], ["0", "2"], ["2", "2"], ["2", "3"], ["3", "0"], ["3", "2"]], [["1", "0"], ["1", "3"], ["2", "1"], ["2", "2"], ["3", "0"], ["3", "1"]], [["0", "2"], ["0", "3"], ["2", "0"], ["2", "1"], ["3", "1"], ["3", "2"]], [["0", "0"], ["0", "1"], ["1", "1"], ["2", "2"], ["3", "0"], ["3", "2"]], [["0", "0"], ["0", "1"], ["0", "2"], ["1", "2"], ["2", "0"], ["3", "3"]], [["0", "1"], ["0", "2"], ["1", "0"], ["1", "3"], ["2", "1"], ["3", "2"]], [["0", "0"], ["1", "1"], ["1", "2"], ["2", "0"], ["3", "2"], ["3", "3"]], [["0", "1"], ["0", "2"], ["1", "0"], ["1", "2"], ["2", "0"], ["3", "1"]], [["0", "2"], ["0", "3"], ["1", "3"], ["2", "1"], ["3", "1"], ["3", "2"]], [["0", "3"], ["1", "3"], ["2", "1"], ["2", "2"], ["3", "0"], ["3", "2"]], [["0", "3"], ["1", "0"], ["1", "2"], ["2", "0"], ["2", "1"], ["3", "3"]]], "6": [[["0", "2"], ["1", "0"], ["1", "1"], ["1", "2"], ["2", "1"], ["3", "0"]], [["0", "1"], ["0", "2"], ["1", "2"], ["1", "3"], ["2", "0"], ["3", "0"]], [["0", "1"], ["0", "2"], ["1", "3"], ["2", "3"], ["3", "0"], ["3", "2"]], [["0", "1"], ["1", "0"], ["1", "2"], ["2", "1"], ["3", "0"], ["3", "3"]], [["0", "0"], ["1", "3"], ["2", "2"], ["2", "3"], ["3", "1"], ["3", "2"]], [["0", "2"], ["0", "3"], ["1", "3"], ["2", "2"], ["3", "0"], ["3", "1"]], [["0", "1"], ["0", "3"], ["1", "1"], ["2", "3"], ["3", "0"], ["3", "2"]], [["0", "2"], ["0", "3"], ["1", "1"], ["2", "2"], ["3", "1"], ["3", "3"]], [["0", "0"], ["1", "3"], ["2", "0"], ["2", "3"], ["3", "1"], ["3", "2"]], [["0", "1"], ["1", "1"], ["1", "2"], ["1", "3"], ["2", "3"], ["3", "2"]], [["0", "0"], ["0", "2"], ["1", "0"], ["2", "2"], ["2", "3"], ["3", "3"]], [["0", "1"], ["0", "3"], ["1", "0"], ["1", "2"], ["3", "0"], ["3", "1"]], [["0", "1"], ["0", "3"], ["1", "3"], ["2", "1"], ["2", "2"], ["3", "2"]], [["0", "0"], ["0", "1"], ["1", "0"], ["1", "2"], ["2", "3"], ["3", "3"]], [["0", "1"], ["0", "2"], ["1", "2"], ["2", "3"], ["3", "1"], ["3", "3"]], [["0", "0"], ["0", "2"], ["2", "0"], ["2", "3"], ["3", "0"], ["3", "1"]]], "7": [[["0", "1"], ["0", "2"], ["1", "1"], ["1", "3"], ["2", "0"], ["2", "1"]], [["0", "1"], ["1", "2"], ["1", "3"], ["2", "1"], ["2", "2"], ["3", "3"]], [["0", "1"], ["1", "1"], ["1", "2"], ["1", "3"], ["2", "2"], ["3", "3"]], [["0", "1"], ["0", "2"], ["1", "2"], ["1", "3"], ["2", "0"], ["2", "3"]], [["1", "0"], ["1", "2"], ["2", "0"], ["2", "1"], ["3", "1"], ["3", "3"]], [["0", "2"], ["0", "3"], ["1", "0"], ["1", "1"], ["2", "0"], ["3", "1"]], [["0", "1"], ["0", "3"], ["1", "2"], ["1", "3"], ["2", "1"], ["3", "2"]], [["0", "3"], ["1", "1"], ["2", "0"], ["2", "3"], ["3", "0"], ["3", "1"]], [["0", "0"], ["0", "1"], ["2", "0"], ["2", "2"], ["3", "0"], ["3", "3"]], [["0", "1"], ["0", "3"], ["1", "3"], ["2", "0"], ["3", "0"], ["3", "1"]], [["0", "1"], ["0", "3"], ["1", "0"], ["1", "1"], ["2", "3"], ["3", "0"]], [["0", "1"], ["0", "2"], ["1", "0"], ["1", "1"], ["2", "3"], ["3", "3"]], [["0", "1"], ["0", "2"], ["1", "3"], ["2", "0"], ["3", "0"], ["3", "3"]], [["0", "0"], ["0", "3"], ["1", "0"], ["2", "2"], ["3", "0"], ["3", "1"]], [["0", "3"], ["1", "0"], ["1", "3"], ["2", "2"], ["3", "0"], ["3", "2"]], [["0", "0"], ["0", "1"], ["1", "2"], ["2", "0"], ["2", "3"], ["3", "2"]]], "8": [[["0", "1"], ["1", "0"], ["1", "2"], ["2", "2"], ["3", "0"], ["3", "1"]], [["0", "1"], ["0", "2"], ["1", "0"], ["2", "3"], ["3", "0"], ["3", "3"]], [["0", "0"], ["0", "3"], ["1", "1"], ["2", "1"], ["2", "3"], ["3", "0"]], [["0", "3"], ["1", "0"], ["2", "0"], ["2", "1"], ["2", "3"], ["3", "1"]], [["0", "0"], ["1", "0"], ["1", "1"], ["2", "1"], ["3", "2"], ["3", "3"]], [["0", "2"], ["1", "2"], ["2", "0"], ["2", "1"], ["3", "1"], ["3", "3"]], [["0", "1"], ["1", "1"], ["2", "0"], ["2", "2"], ["3", "2"], ["3", "3"]], [["0", "1"], ["0", "2"], ["1", "0"], ["2", "0"], ["2", "1"], ["3", "2"]], [["0", "1"], ["1", "0"], ["1", "3"], ["2", "2"], ["3", "1"], ["3", "2"]], [["0", "2"], ["1", "0"], ["1", "2"], ["2", "0"], ["2", "3"], ["3", "3"]], [["1", "0"], ["1", "2"], ["2", "1"], ["2", "2"], ["3", "1"], ["3", "3"]], [["0", "2"], ["0", "3"], ["1", "0"], ["2", "0"], ["3", "1"], ["3", "3"]], [["0", "0"], ["1", "0"], ["1", "3"], ["2", "1"], ["2", "3"], ["3", "1"]], [["0", "3"], ["1", "3"], ["2", "0"], ["2", "1"], ["3", "1"], ["3", "2"]], [["0", "2"], ["1", "1"], ["1", "3"], ["2", "0"], ["2", "3"], ["3", "0"]], [["0", "1"], ["0", "3"], ["1", "3"], ["2", "0"], ["2", "1"], ["3", "0"]]], "9": [[["0", "2"], ["1", "2"], ["2", "0"], ["2", "1"], ["3", "1"], ["3", "3"]], [["0", "0"], ["0", "2"], ["2", "0"], ["2", "1"], ["3", "0"], ["3", "3"]], [["0", "0"], ["1", "1"], ["1", "3"], ["2", "3"], ["3", "0"], ["3", "1"]], [["0", "1"], ["1", "1"], ["1", "2"], ["2", "0"], ["2", "2"], ["3", "0"]], [["0", "3"], ["1", "0"], ["1", "2"], ["2", "0"], ["2", "3"], ["3", "1"]], [["0", "2"], ["0", "3"], ["1", "2"], ["2", "3"], ["3", "0"], ["3", "1"]], [["1", "0"], ["1", "3"], ["2", "0"], ["2", "1"], ["3", "0"], ["3", "2"]], [["0", "0"], ["0", "3"], ["2", "0"], ["2", "1"], ["3", "0"], ["3", "2"]], [["0", "2"], ["1", "0"], ["1", "1"], ["2", "3"], ["3", "2"], ["3", "3"]], [["1", "0"], ["1", "3"], ["2", "0"], ["2", "2"], ["3", "1"], ["3", "3"]], [["0", "1"], ["1", "2"], ["2", "3"], ["3", "1"], ["3", "2"], ["3", "3"]], [["0", "0"], ["1", "0"], ["1", "2"], ["2", "2"], ["3", "1"], ["3", "3"]], [["0", "1"], ["0", "2"], ["0", "3"], ["1", "3"], ["2", "2"], ["3", "1"]], [["1", "1"], ["1", "3"], ["2", "1"], ["2", "2"], ["3", "0"], ["3", "1"]], [["0", "2"], ["0", "3"], ["1", "1"], ["1", "2"], ["3", "0"], ["3", "2"]], [["0", "1"], ["1", "2"], ["2", "0"], ["2", "1"], ["3", "0"], ["3", "2"]]], "10": [[["0", "0"], ["0", "2"], ["1", "0"], ["2", "3"], ["3", "2"], ["3", "3"]], [["0", "0"], ["0", "3"], ["1", "0"], ["1", "1"], ["2", "3"], ["3", "1"]], [["0", "1"], ["0", "3"], ["1", "0"], ["1", "3"], ["2", "0"], ["2", "2"]], [["0", "2"], ["0", "3"], ["1", "0"], ["1", "1"], ["2", "1"], ["3", "3"]], [["0", "1"], ["1", "0"], ["1", "1"], ["2", "2"], ["2", "3"], ["3", "0"]], [["0", "2"], ["1", "0"], ["2", "2"], ["2", "3"], ["3", "0"], ["3", "3"]], [["0", "1"], ["0", "2"], ["1", "0"], ["1", "3"], ["2", "0"], ["3", "3"]], [["0", "0"], ["0", "2"], ["1", "1"], ["2", "3"], ["3", "1"], ["3", "3"]], [["0", "1"], ["1", "0"], ["1", "2"], ["2", "0"], ["2", "1"], ["3", "2"]], [["0", "0"], ["0", "3"], ["1", "0"], ["1", "2"], ["2", "1"], ["2", "2"]], [["0", "2"], ["0", "3"], ["1", "1"], ["2", "0"], ["2", "3"], ["3", "1"]], [["0", "0"], ["1", "1"], ["1", "2"], ["2", "0"], ["3", "1"], ["3", "3"]], [["0", "1"], ["0", "2"], ["1", "1"], ["2", "2"], ["2", "3"], ["3", "3"]], [["1", "0"], ["1", "2"], ["2", "0"], ["2", "1"], ["3", "2"], ["3", "3"]], [["0", "3"], ["1", "0"], ["2", "0"], ["2", "1"], ["3", "1"], ["3", "3"]], [["0", "0"], ["1", "1"], ["1", "2"], ["2", "0"], ["2", "2"], ["3", "1"]]], "11": [[["1", "1"], ["1", "2"], ["2", "0"], ["2", "2"], ["3", "2"], ["3", "3"]], [["0", "2"], ["0", "3"], ["1", "0"], ["1", "2"], ["2", "1"], ["3", "2"]], [["0", "2"], ["0", "3"], ["1", "2"], ["2", "0"], ["2", "1"], ["3", "3"]], [["0", "1"], ["0", "3"], ["1", "3"], ["2", "0"], ["2", "2"], ["3", "1"]], [["0", "0"], ["0", "3"], ["1", "1"], ["1", "2"], ["2", "1"], ["3", "2"]], [["0", "0"], ["0", "3"], ["1", "1"], ["1", "3"], ["2", "0"], ["3", "1"]], [["0", "1"], ["0", "3"], ["2", "2"], ["2", "3"], ["3", "0"], ["3", "2"]], [["0", "0"], ["0", "2"], ["1", "1"], ["1", "2"], ["2", "3"], ["3", "3"]], [["0", "1"], ["1", "1"], ["1", "2"], ["2", "2"], ["2", "3"], ["3", "3"]], [["1", "1"], ["1", "3"], ["2", "2"], ["2", "3"], ["3", "0"], ["3", "2"]], [["0", "2"], ["1", "1"], ["1", "3"], ["2", "0"], ["2", "3"], ["3", "2"]], [["0", "0"], ["1", "2"], ["2", "1"], ["3", "0"], ["3", "1"], ["3", "2"]], [["0", "1"], ["1", "0"], ["2", "1"], ["2", "2"], ["3", "0"], ["3", "2"]], [["0", "1"], ["0", "2"], ["1", "2"], ["1", "3"], ["3", "0"], ["3", "2"]], [["0", "1"], ["0", "2"], ["2", "1"], ["2", "3"], ["3", "0"], ["3", "3"]], [["0", "3"], ["1", "1"], ["1", "3"], ["2", "0"], ["3", "0"], ["3", "1"]]], "12": [[["0", "1"], ["0", "3"], ["1", "1"], ["1", "2"], ["3", "0"], ["3", "1"]], [["0", "1"], ["1", "0"], ["2", "2"], ["2", "3"], ["3", "2"], ["3", "3"]], [["0", "2"], ["1", "0"], ["1", "1"], ["2", "2"], ["3", "1"], ["3", "3"]], [["0", "3"], ["1", "1"], ["1", "2"], ["2", "0"], ["2", "2"], ["3", "3"]], [["0", "0"], ["0", "1"], ["1", "1"], ["1", "3"], ["3", "2"], ["3", "3"]], [["0", "0"], ["0", "2"], ["1", "1"], ["1", "3"], ["2", "0"], ["3", "2"]], [["0", "0"], ["1", "1"], ["2", "0"], ["2", "2"], ["3", "1"], ["3", "2"]], [["0", "2"], ["0", "3"], ["1", "1"], ["2", "3"], ["3", "1"], ["3", "2"]], [["0", "0"], ["0", "1"], ["2", "2"], ["2", "3"], ["3", "1"], ["3", "2"]], [["0", "2"], ["0", "3"], ["2", "0"], ["2", "2"], ["3", "1"], ["3", "2"]], [["0", "0"], ["1", "0"], ["2", "1"], ["2", "2"], ["3", "1"], ["3", "3"]], [["0", "3"], ["1", "0"], ["1", "2"], ["2", "0"], ["2", "3"], ["3", "2"]], [["0", "3"], ["1", "0"], ["1", "3"], ["2", "0"], ["3", "1"], ["3", "2"]], [["0", "1"], ["0", "3"], ["1", "0"], ["1", "2"], ["3", "0"], ["3", "3"]], [["0", "1"], ["0", "2"], ["2", "0"], ["2", "3"], ["3", "0"], ["3", "1"]], [["0", "1"], ["0", "2"], ["2", "2"], ["2", "3"], ["3", "0"], ["3", "1"]]], "13": [[["0", "1"], ["0", "3"], ["2", "0"], ["2", "2"], ["3", "1"], ["3", "2"]], [["0", "0"], ["0", "1"], ["1", "0"], ["1", "3"], ["2", "2"], ["3", "2"]], [["0", "1"], ["0", "3"], ["2", "1"], ["2", "2"], ["3", "0"], ["3", "2"]], [["0", "3"], ["1", "0"], ["1", "2"], ["2", "0"], ["3", "2"], ["3", "3"]], [["0", "0"], ["1", "1"], ["2", "1"], ["2", "2"], ["3", "0"], ["3", "2"]], [["1", "2"], ["1", "3"], ["2", "0"], ["2", "1"], ["3", "1"], ["3", "3"]], [["1", "2"], ["1", "3"], ["2", "1"], ["2", "3"], ["3", "0"], ["3", "1"]], [["0", "0"], ["1", "1"], ["1", "3"], ["2", "1"], ["2", "2"], ["3", "3"]], [["0", "0"], ["0", "3"], ["2", "0"], ["2", "2"], ["3", "0"], ["3", "1"]], [["0", "0"], ["0", "1"], ["0", "2"], ["1", "0"], ["2", "2"], ["3", "1"]], [["0", "1"], ["0", "2"], ["1", "1"], ["2", "2"], ["2", "3"], ["3", "3"]], [["0", "0"], ["0", "2"], ["1", "0"], ["2", "1"], ["2", "3"], ["3", "2"]], [["0", "0"], ["1", "1"], ["1", "3"], ["2", "0"], ["3", "2"], ["3", "3"]], [["0", "1"], ["0", "2"], ["1", "3"], ["2", "1"], ["3", "2"], ["3", "3"]], [["0", "1"], ["1", "0"], ["2", "1"], ["2", "2"], ["3", "0"], ["3", "2"]], [["0", "1"], ["1", "0"], ["1", "2"], ["2", "1"], ["3", "0"], ["3", "3"]]], "14": [[["0", "1"], ["0", "3"], ["2", "2"], ["2", "3"], ["3", "0"], ["3", "3"]], [["0", "1"], ["1", "0"], ["1", "3"], ["2", "1"], ["2", "3"], ["3", "0"]], [["0", "1"], ["0", "2"], ["1", "0"], ["1", "1"], ["2", "2"], ["2", "3"]], [["0", "1"], ["0", "2"], ["1", "1"], ["1", "3"], ["2", "0"], ["3", "0"]], [["0", "1"], ["1", "1"], ["1", "2"], ["2", "2"], ["3", "0"], ["3", "3"]], [["0", "1"], ["0", "2"], ["1", "2"], ["1", "3"], ["3", "0"], ["3", "2"]], [["0", "1"], ["1", "0"], ["2", "0"], ["2", "1"], ["2", "3"], ["3", "3"]], [["0", "1"], ["0", "2"], ["1", "3"], ["2", "3"], ["3", "0"], ["3", "1"]], [["0", "0"], ["0", "1"], ["2", "0"], ["2", "2"], ["3", "0"], ["3", "3"]], [["0", "0"], ["0", "2"], ["1", "1"], ["2", "1"], ["3", "2"], ["3", "3"]], [["0", "1"], ["0", "3"], ["1", "0"], ["1", "3"], ["3", "1"], ["3", "2"]], [["0", "2"], ["0", "3"], ["1", "2"], ["2", "1"], ["3", "0"], ["3", "3"]], [["0", "1"], ["0", "2"], ["1", "0"], ["2", "2"], ["2", "3"], ["3", "0"]], [["1", "1"], ["1", "3"], ["2", "1"], ["2", "2"], ["3", "0"], ["3", "3"]], [["0", "0"], ["0", "1"], ["1", "0"], ["1", "2"], ["2", "1"], ["3", "2"]], [["0", "3"], ["1", "2"], ["1", "3"], ["2", "2"], ["3", "0"], ["3", "1"]]], "15": [[["0", "1"], ["1", "3"], ["2", "1"], ["2", "2"], ["2", "3"], ["3", "0"]], [["0", "0"], ["1", "1"], ["2", "1"], ["2", "2"], ["3", "0"], ["3", "2"]], [["0", "2"], ["1", "2"], ["2", "1"], ["2", "3"], ["3", "0"], ["3", "3"]], [["0", "0"], ["0", "2"], ["1", "1"], ["2", "1"], ["3", "2"], ["3", "3"]], [["0", "1"], ["0", "3"], ["1", "1"], ["2", "0"], ["3", "0"], ["3", "3"]], [["0", "0"], ["0", "3"], ["1", "0"], ["1", "2"], ["2", "1"], ["3", "1"]], [["0", "1"], ["0", "3"], ["1", "2"], ["2", "0"], ["2", "2"], ["3", "0"]], [["0", "2"], ["1", "1"], ["2", "1"], ["2", "3"], ["3", "2"], ["3", "3"]], [["0", "0"], ["1", "0"], ["2", "1"], ["2", "3"], ["3", "2"], ["3", "3"]], [["0", "1"], ["0", "2"], ["1", "1"], ["1", "3"], ["2", "0"], ["2", "1"]], [["1", "1"], ["1", "3"], ["2", "0"], ["2", "2"], ["3", "2"], ["3", "3"]], [["0", "0"], ["0", "3"], ["1", "1"], ["1", "2"], ["2", "3"], ["3", "0"]], [["0", "3"], ["1", "0"], ["1", "2"], ["2", "3"], ["3", "0"], ["3", "1"]], [["0", "1"], ["0", "3"], ["1", "0"], ["1", "2"], ["2", "3"], ["3", "1"]], [["0", "2"], ["1", "2"], ["1", "3"], ["2", "1"], ["2", "3"], ["3", "1"]], [["0", "1"], ["1", "0"], ["1", "2"], ["2", "0"], ["3", "1"], ["3", "2"]]], "16": [[["0", "3"], ["1", "2"], ["2", "1"], ["2", "3"], ["3", "1"], ["3", "2"]], [["0", "1"], ["0", "3"], ["2", "1"], ["2", "2"], ["3", "0"], ["3", "2"]], [["0", "0"], ["0", "2"], ["0", "3"], ["1", "2"], ["2", "3"], ["3", "0"]], [["0", "2"], ["1", "0"], ["1", "2"], ["2", "3"], ["3", "0"], ["3", "3"]], [["0", "0"], ["0", "2"], ["1", "1"], ["1", "3"], ["3", "2"], ["3", "3"]], [["0", "0"], ["1", "2"], ["1", "3"], ["2", "0"], ["2", "1"], ["3", "1"]], [["0", "1"], ["1", "2"], ["2", "2"], ["2", "3"], ["3", "1"], ["3", "3"]], [["1", "2"], ["1", "3"], ["2", "1"], ["2", "2"], ["3", "0"], ["3", "2"]], [["0", "0"], ["1", "2"], ["2", "0"], ["2", "1"], ["3", "1"], ["3", "2"]], [["0", "0"], ["0", "3"], ["1", "1"], ["1", "3"], ["2", "1"], ["2", "2"]], [["0", "3"], ["1", "0"], ["1", "1"], ["2", "3"], ["3", "0"], ["3", "2"]], [["0", "2"], ["0", "3"], ["1", "0"], ["1", "2"], ["2", "1"], ["2", "3"]], [["0", "2"], ["1", "2"], ["1", "3"], ["2", "1"], ["3", "1"], ["3", "3"]], [["0", "0"], ["0", "1"], ["1", "2"], ["1", "3"], ["3", "1"], ["3", "2"]], [["0", "2"], ["0", "3"], ["2", "0"], ["2", "3"], ["3", "0"], ["3", "1"]], [["0", "3"], ["1", "0"], ["1", "2"], ["2", "0"], ["2", "3"], ["3", "1"]]], "17": [[["1", "1"], ["1", "3"], ["2", "0"], ["2", "3"], ["3", "1"], ["3", "2"]], [["0", "1"], ["0", "3"], ["1", "1"], ["1", "2"], ["2", "0"], ["2", "3"]], [["0", "0"], ["0", "2"], ["1", "3"], ["2", "2"], ["3", "0"], ["3", "3"]], [["0", "0"], ["0", "1"], ["1", "3"], ["2", "2"], ["3", "2"], ["3", "3"]], [["0", "2"], ["1", "1"], ["1", "3"], ["2", "3"], ["3", "1"], ["3", "2"]], [["0", "2"], ["1", "0"], ["1", "3"], ["2", "2"], ["3", "1"], ["3", "3"]], [["0", "2"], ["1", "0"], ["1", "2"], ["2", "0"], ["3", "1"], ["3", "3"]], [["0", "2"], ["0", "3"], ["1", "1"], ["1", "3"], ["2", "0"], ["3", "1"]], [["0", "3"], ["1", "0"], ["1", "1"], ["2", "3"], ["3", "0"], ["3", "2"]], [["0", "1"], ["0", "2"], ["0", "3"], ["1", "2"], ["2", "1"], ["3", "3"]], [["0", "0"], ["0", "2"], ["0", "3"], ["1", "3"], ["2", "2"], ["3", "0"]], [["0", "0"], ["0", "1"], ["1", "0"], ["1", "2"], ["2", "2"], ["3", "1"]], [["0", "3"], ["1", "0"], ["1", "2"], ["2", "1"], ["2", "3"], ["3", "1"]], [["0", "3"], ["1", "0"], ["1", "3"], ["2", "1"], ["2", "2"], ["3", "0"]], [["0", "0"], ["0", "3"], ["2", "0"], ["2", "2"], ["3", "0"], ["3", "1"]], [["0", "1"], ["0", "3"], ["1", "3"], ["2", "2"], ["3", "1"], ["3", "2"]]], "18": [[["0", "2"], ["0", "3"], ["1", "0"], ["2", "0"], ["2", "3"], ["3", "2"]], [["0", "1"], ["0", "3"], ["1", "1"], ["2", "2"], ["3", "2"], ["3", "3"]], [["0", "2"], ["0", "3"], ["1", "1"], ["1", "2"], ["3", "0"], ["3", "1"]], [["0", "2"], ["0", "3"], ["1", "0"], ["1", "1"], ["2", "1"], ["2", "2"]], [["0", "2"], ["0", "3"], ["1", "1"], ["2", "1"], ["2", "3"], ["3", "2"]], [["0", "1"], ["1", "2"], ["2", "1"], ["2", "2"], ["2", "3"], ["3", "3"]], [["0", "0"], ["0", "2"], ["1", "0"], ["1", "3"], ["2", "1"], ["2", "3"]], [["0", "2"], ["1", "3"], ["2", "2"], ["2", "3"], ["3", "0"], ["3", "1"]], [["0", "0"], ["0", "3"], ["1", "2"], ["2", "2"], ["3", "0"], ["3", "1"]], [["0", "1"], ["1", "0"], ["1", "2"], ["2", "1"], ["2", "2"], ["3", "0"]], [["0", "0"], ["0", "3"], ["1", "0"], ["2", "2"], ["2", "3"], ["3", "2"]], [["0", "2"], ["1", "1"], ["1", "3"], ["2", "0"], ["3", "2"], ["3", "3"]], [["0", "1"], ["0", "3"], ["1", "1"], ["1", "2"], ["3", "0"], ["3", "1"]], [["0", "3"], ["1", "1"], ["1", "2"], ["2", "0"], ["3", "0"], ["3", "3"]], [["0", "2"], ["0", "3"], ["1", "0"], ["1", "2"], ["3", "1"], ["3", "2"]], [["0", "1"], ["0", "2"], ["1", "0"], ["2", "1"], ["3", "0"], ["3", "2"]]], "19": [[["0", "1"], ["1", "1"], ["2", "2"], ["2", "3"], ["3", "0"], ["3", "2"]], [["0", "0"], ["0", "3"], ["1", "0"], ["1", "2"], ["2", "0"], ["3", "1"]], [["0", "2"], ["1", "0"], ["1", "1"], ["2", "2"], ["3", "1"], ["3", "3"]], [["0", "1"], ["1", "2"], ["1", "3"], ["2", "1"], ["3", "0"], ["3", "2"]], [["0", "1"], ["0", "2"], ["1", "0"], ["1", "1"], ["2", "0"], ["2", "3"]], [["0", "1"], ["0", "2"], ["2", "2"], ["2", "3"], ["3", "0"], ["3", "1"]], [["0", "2"], ["0", "3"], ["1", "0"], ["2", "1"], ["2", "2"], ["3", "0"]], [["0", "0"], ["1", "1"], ["1", "3"], ["2", "0"], ["2", "2"], ["3", "2"]], [["0", "2"], ["0", "3"], ["1", "1"], ["2", "0"], ["3", "0"], ["3", "1"]], [["0", "0"], ["0", "3"], ["2", "0"], ["2", "2"], ["3", "1"], ["3", "3"]], [["0", "0"], ["0", "1"], ["2", "2"], ["2", "3"], ["3", "0"], ["3", "3"]], [["0", "1"], ["0", "2"], ["1", "0"], ["1", "2"], ["3", "2"], ["3", "3"]], [["0", "1"], ["0", "3"], ["1", "0"], ["1", "2"], ["2", "0"], ["3", "2"]], [["0", "0"], ["0", "2"], ["1", "0"], ["1", "3"], ["2", "1"], ["3", "1"]], [["0", "3"], ["1", "1"], ["1", "3"], ["2", "0"], ["2", "1"], ["3", "0"]], [["0", "2"], ["1", "0"], ["1", "2"], ["2", "0"], ["2", "1"], ["3", "1"]]], "20": [[["0", "2"], ["0", "3"], ["1", "0"], ["2", "1"], ["2", "3"], ["3", "0"]], [["0", "0"], ["0", "2"], ["2", "0"], ["2", "3"], ["3", "1"], ["3", "3"]], [["0", "1"], ["0", "3"], ["1", "0"], ["2", "1"], ["2", "2"], ["3", "3"]], [["0", "0"], ["0", "1"], ["1", "1"], ["1", "2"], ["2", "1"], ["2", "3"]], [["0", "2"], ["0", "3"], ["2", "0"], ["2", "3"], ["3", "0"], ["3", "1"]], [["0", "1"], ["0", "2"], ["1", "0"], ["2", "0"], ["3", "1"], ["3", "3"]], [["0", "0"], ["1", "0"], ["2", "1"], ["2", "2"], ["3", "1"], ["3", "3"]], [["0", "2"], ["1", "1"], ["1", "3"], ["2", "1"], ["2", "2"], ["3", "3"]], [["0", "2"], ["1", "1"], ["1", "2"], ["2", "0"], ["2", "3"], ["3", "1"]], [["0", "1"], ["0", "2"], ["1", "0"], ["2", "0"], ["2", "3"], ["3", "3"]], [["0", "0"], ["0", "1"], ["1", "0"], ["1", "3"], ["3", "2"], ["3", "3"]], [["0", "1"], ["0", "3"], ["1", "0"], ["1", "2"], ["2", "0"], ["2", "3"]], [["0", "0"], ["0", "1"], ["1", "0"], ["1", "3"], ["2", "2"], ["2", "3"]], [["0", "0"], ["0", "2"], ["1", "2"], ["2", "0"], ["2", "3"], ["3", "3"]], [["0", "0"], ["0", "2"], ["1", "2"], ["2", "0"], ["3", "1"], ["3", "3"]], [["0", "0"], ["0", "1"], ["1", "0"], ["2", "1"], ["3", "2"], ["3", "3"]]], "21": [[["0", "0"], ["1", "0"], ["1", "1"], ["2", "1"], ["2", "3"], ["3", "3"]], [["1", "1"], ["1", "3"], ["2", "0"], ["2", "1"], ["3", "0"], ["3", "2"]], [["0", "1"], ["0", "2"], ["1", "1"], ["1", "3"], ["2", "0"], ["2", "2"]], [["0", "3"], ["1", "2"], ["2", "1"], ["2", "3"], ["3", "1"], ["3", "2"]], [["1", "2"], ["1", "3"], ["2", "1"], ["2", "3"], ["3", "0"], ["3", "2"]], [["0", "1"], ["0", "3"], ["1", "0"], ["1", "2"], ["3", "2"], ["3", "3"]], [["1", "2"], ["1", "3"], ["2", "0"], ["2", "3"], ["3", "0"], ["3", "1"]], [["0", "0"], ["0", "2"], ["1", "0"], ["1", "3"], ["2", "1"], ["3", "1"]], [["0", "1"], ["1", "1"], ["1", "2"], ["1", "3"], ["2", "3"], ["3", "2"]], [["0", "0"], ["0", "2"], ["1", "1"], ["1", "3"], ["2", "2"], ["3", "0"]], [["0", "2"], ["0", "3"], ["1", "3"], ["2", "1"], ["3", "0"], ["3", "1"]], [["0", "0"], ["0", "3"], ["1", "0"], ["1", "2"], ["3", "0"], ["3", "1"]], [["0", "0"], ["0", "2"], ["0", "3"], ["1", "2"], ["2", "3"], ["3", "0"]], [["1", "0"], ["1", "3"], ["2", "2"], ["2", "3"], ["3", "1"], ["3", "3"]], [["0", "1"], ["0", "3"], ["1", "0"], ["2", "0"], ["2", "3"], ["3", "1"]], [["0", "3"], ["1", "1"], ["1", "2"], ["2", "3"], ["3", "0"], ["3", "1"]]], "22": [[["0", "0"], ["1", "1"], ["1", "2"], ["2", "0"], ["3", "2"], ["3", "3"]], [["0", "2"], ["0", "3"], ["2", "0"], ["2", "1"], ["3", "0"], ["3", "3"]], [["0", "1"], ["0", "3"], ["1", "1"], ["1", "2"], ["2", "0"], ["2", "1"]], [["0", "1"], ["0", "3"], ["1", "1"], ["1", "2"], ["3", "0"], ["3", "2"]], [["0", "1"], ["0", "2"], ["1", "0"], ["1", "2"], ["2", "1"], ["2", "3"]], [["0", "1"], ["0", "2"], ["1", "1"], ["2", "2"], ["3", "0"], ["3", "3"]], [["0", "0"], ["0", "3"], ["1", "2"], ["1", "3"], ["2", "1"], ["2", "3"]], [["0", "0"], ["0", "3"], ["1", "1"], ["1", "3"], ["2", "1"], ["2", "2"]], [["0", "0"], ["0", "2"], ["1", "2"], ["1", "3"], ["2", "3"], ["3", "0"]], [["0", "3"], ["1", "0"], ["1", "1"], ["2", "0"], ["3", "1"], ["3", "3"]], [["0", "1"], ["0", "3"], ["2", "0"], ["2", "2"], ["3", "1"], ["3", "2"]], [["0", "0"], ["0", "2"], ["1", "3"], ["2", "2"], ["3", "0"], ["3", "3"]], [["0", "0"], ["0", "2"], ["1", "0"], ["1", "1"], ["2", "2"], ["3", "1"]], [["0", "1"], ["1", "2"], ["1", "3"], ["2", "3"], ["3", "0"], ["3", "2"]], [["0", "0"], ["0", "1"], ["2", "0"], ["2", "2"], ["3", "1"], ["3", "3"]], [["0", "1"], ["0", "2"], ["0", "3"], ["1", "3"], ["2", "1"], ["3", "2"]]], "23": [[["0", "2"], ["1", "0"], ["1", "3"], ["2", "1"], ["2", "3"], ["3", "2"]], [["0", "0"], ["0", "1"], ["0", "3"], ["1", "1"], ["2", "0"], ["3", "3"]], [["0", "2"], ["1", "1"], ["2", "1"], ["2", "2"], ["3", "0"], ["3", "3"]], [["0", "0"], ["0", "3"], ["1", "3"], ["2", "1"], ["3", "0"], ["3", "1"]], [["0", "3"], ["1", "3"], ["2", "0"], ["2", "1"], ["3", "1"], ["3", "2"]], [["1", "0"], ["1", "1"], ["2", "0"], ["2", "3"], ["3", "1"], ["3", "2"]], [["0", "2"], ["0", "3"], ["1", "2"], ["2", "3"], ["3", "0"], ["3", "1"]], [["0", "0"], ["0", "3"], ["1", "1"], ["1", "3"], ["3", "1"], ["3", "2"]], [["0", "3"], ["1", "1"], ["1", "3"], ["2", "0"], ["3", "0"], ["3", "1"]], [["0", "2"], ["0", "3"], ["1", "0"], ["1", "3"], ["3", "1"], ["3", "3"]], [["0", "3"], ["1", "1"], ["1", "2"], ["2", "1"], ["2", "3"], ["3", "2"]], [["0", "0"], ["0", "2"], ["1", "1"], ["2", "2"], ["2", "3"], ["3", "0"]], [["0", "2"], ["1", "0"], ["1", "1"], ["2", "2"], ["2", "3"], ["3", "3"]], [["0", "0"], ["0", "2"], ["1", "2"], ["2", "0"], ["3", "1"], ["3", "3"]], [["0", "1"], ["0", "3"], ["1", "2"], ["1", "3"], ["2", "1"], ["3", "2"]], [["0", "3"], ["1", "0"], ["1", "2"], ["2", "1"], ["3", "1"], ["3", "3"]]], "24": [[["0", "0"], ["1", "1"], ["2", "0"], ["2", "1"], ["3", "2"], ["3", "3"]], [["0", "1"], ["0", "2"], ["1", "0"], ["1", "1"], ["2", "2"], ["2", "3"]], [["0", "1"], ["0", "3"], ["1", "2"], ["1", "3"], ["3", "0"], ["3", "1"]], [["0", "3"], ["1", "0"], ["1", "1"], ["2", "0"], ["2", "2"], ["3", "3"]], [["0", "2"], ["0", "3"], ["1", "0"], ["1", "1"], ["2", "1"], ["2", "2"]], [["0", "0"], ["0", "1"], ["2", "1"], ["2", "3"], ["3", "0"], ["3", "2"]], [["0", "1"], ["1", "0"], ["1", "1"], ["1", "3"], ["2", "0"], ["3", "3"]], [["0", "2"], ["1", "0"], ["1", "3"], ["2", "2"], ["3", "1"], ["3", "3"]], [["0", "1"], ["1", "1"], ["2", "0"], ["2", "2"], ["3", "0"], ["3", "3"]], [["0", "1"], ["0", "2"], ["1", "0"], ["1", "2"], ["2", "3"], ["3", "3"]], [["0", "1"], ["0", "2"], ["1", "0"], ["1", "3"], ["3", "1"], ["3", "3"]], [["0", "2"], ["0", "3"], ["2", "1"], ["2", "2"], ["3", "0"], ["3", "1"]], [["0", "0"], ["0", "1"], ["1", "2"], ["1", "3"], ["2", "0"], ["2", "2"]], [["0", "1"], ["0", "2"], ["2", "0"], ["2", "2"], ["3", "0"], ["3", "3"]], [["0", "1"], ["0", "2"], ["1", "1"], ["1", "3"], ["2", "3"], ["3", "2"]], [["0", "0"], ["0", "2"], ["1", "1"], ["2", "3"], ["3", "0"], ["3", "2"]]], "25": [[["0", "3"], ["1", "2"], ["1", "3"], ["2", "1"], ["2", "2"], ["3", "1"]], [["0", "1"], ["0", "3"], ["1", "0"], ["2", "0"], ["3", "2"], ["3", "3"]], [["0", "0"], ["0", "2"], ["0", "3"], ["1", "3"], ["2", "2"], ["3", "0"]], [["0", "0"], ["0", "2"], ["1", "2"], ["2", "1"], ["2", "3"], ["3", "0"]], [["0", "0"], ["1", "0"], ["1", "1"], ["1", "3"], ["2", "2"], ["3", "3"]], [["0", "1"], ["1", "2"], ["2", "0"], ["2", "1"], ["3", "0"], ["3", "2"]], [["0", "0"], ["0", "2"], ["1", "3"], ["2", "3"], ["3", "0"], ["3", "1"]], [["0", "2"], ["0", "3"], ["1", "0"], ["2", "1"], ["2", "3"], ["3", "0"]], [["0", "2"], ["0", "3"], ["1", "0"], ["1", "1"], ["2", "0"], ["3", "1"]], [["1", "1"], ["1", "3"], ["2", "0"], ["2", "2"], ["3", "2"], ["3", "3"]], [["0", "0"], ["0", "1"], ["0", "3"], ["1", "0"], ["2", "1"], ["3", "3"]], [["0", "2"], ["0", "3"], ["1", "1"], ["1", "3"], ["3", "0"], ["3", "2"]], [["0", "3"], ["1", "0"], ["2", "0"], ["2", "3"], ["3", "1"], ["3", "2"]], [["0", "0"], ["1", "1"], ["2", "2"], ["3", "0"], ["3", "1"], ["3", "2"]], [["0", "0"], ["0", "1"], ["1", "0"], ["2", "1"], ["3", "2"], ["3", "3"]], [["0", "1"], ["0", "3"], ["2", "0"], ["2", "2"], ["3", "0"], ["3", "1"]]], "26": [[["0", "2"], ["1", "1"], ["1", "2"], ["1", "3"], ["2", "3"], ["3", "1"]], [["0", "0"], ["0", "1"], ["1", "0"], ["2", "2"], ["3", "1"], ["3", "2"]], [["0", "2"], ["0", "3"], ["1", "3"], ["2", "1"], ["3", "1"], ["3", "2"]], [["0", "3"], ["1", "0"], ["2", "0"], ["2", "1"], ["3", "1"], ["3", "2"]], [["0", "0"], ["0", "2"], ["1", "2"], ["2", "3"], ["3", "0"], ["3", "3"]], [["0", "0"], ["1", "0"], ["1", "3"], ["2", "3"], ["3", "1"], ["3", "2"]], [["0", "0"], ["0", "3"], ["1", "3"], ["2", "1"], ["2", "2"], ["3", "0"]], [["0", "2"], ["1", "1"], ["1", "3"], ["2", "2"], ["3", "0"], ["3", "3"]], [["0", "0"], ["1", "2"], ["1", "3"], ["2", "0"], ["3", "1"], ["3", "3"]], [["0", "0"], ["0", "1"], ["1", "0"], ["1", "3"], ["2", "1"], ["2", "2"]], [["0", "0"], ["1", "1"], ["1", "3"], ["2", "0"], ["3", "1"], ["3", "2"]], [["0", "3"], ["1", "1"], ["1", "2"], ["2", "3"], ["3", "0"], ["3", "2"]], [["0", "1"], ["0", "3"], ["1", "0"], ["1", "1"], ["3", "2"], ["3", "3"]], [["0", "0"], ["0", "3"], ["1", "0"], ["1", "1"], ["3", "1"], ["3", "2"]], [["0", "0"], ["1", "3"], ["2", "0"], ["2", "2"], ["3", "2"], ["3", "3"]], [["0", "1"], ["0", "2"], ["1", "0"], ["1", "3"], ["2", "2"], ["2", "3"]]], "27": [[["0", "2"], ["1", "1"], ["2", "1"], ["2", "2"], ["3", "0"], ["3", "3"]], [["0", "0"], ["0", "3"], ["1", "1"], ["1", "2"], ["2", "1"], ["3", "2"]], [["0", "2"], ["0", "3"], ["1", "0"], ["1", "1"], ["3", "0"], ["3", "3"]], [["0", "2"], ["1", "3"], ["2", "0"], ["2", "2"], ["3", "0"], ["3", "3"]], [["0", "3"], ["1", "2"], ["2", "1"], ["2", "2"], ["3", "1"], ["3", "3"]], [["0", "0"], ["1", "2"], ["2", "0"], ["2", "2"], ["2", "3"], ["3", "3"]], [["0", "1"], ["1", "0"], ["1", "3"], ["2", "2"], ["3", "1"], ["3", "2"]], [["0", "3"], ["1", "1"], ["1", "2"], ["2", "2"], ["3", "1"], ["3", "3"]], [["0", "0"], ["0", "2"], ["1", "0"], ["1", "1"], ["3", "1"], ["3", "3"]], [["0", "2"], ["0", "3"], ["1", "0"], ["1", "2"], ["3", "1"], ["3", "2"]], [["0", "1"], ["1", "2"], ["2", "0"], ["2", "1"], ["2", "2"], ["3", "0"]], [["0", "2"], ["0", "3"], ["1", "1"], ["2", "0"], ["3", "0"], ["3", "1"]], [["0", "0"], ["0", "3"], ["1", "0"], ["1", "1"], ["2", "2"], ["2", "3"]], [["0", "1"], ["0", "2"], ["1", "2"], ["1", "3"], ["3", "0"], ["3", "3"]], [["0", "2"], ["0", "3"], ["2", "0"], ["2", "2"], ["3", "0"], ["3", "1"]], [["0", "2"], ["1", "0"], ["1", "3"], ["2", "1"], ["2", "3"], ["3", "1"]]], "28": [[["0", "1"], ["1", "3"], ["2", "0"], ["2", "3"], ["3", "0"], ["3", "1"]], [["0", "0"], ["1", "1"], ["1", "2"], ["2", "0"], ["3", "2"], ["3", "3"]], [["0", "1"], ["1", "3"], ["2", "0"], ["2", "1"], ["3", "0"], ["3", "3"]], [["0", "0"], ["1", "1"], ["1", "2"], ["2", "1"], ["2", "3"], ["3", "0"]], [["0", "0"], ["0", "1"], ["1", "3"], ["2", "0"], ["2", "2"], ["3", "3"]], [["0", "1"], ["1", "2"], ["1", "3"], ["2", "2"], ["3", "1"], ["3", "3"]], [["0", "1"], ["0", "3"], ["1", "1"], ["1", "2"], ["3", "0"], ["3", "2"]], [["0", "1"], ["1", "0"], ["2", "2"], ["2", "3"], ["3", "0"], ["3", "1"]], [["0", "3"], ["1", "3"], ["2", "0"], ["2", "2"], ["3", "1"], ["3", "2"]], [["0", "0"], ["0", "3"], ["1", "0"], ["2", "2"], ["3", "2"], ["3", "3"]], [["0", "2"], ["0", "3"], ["2", "0"], ["2", "2"], ["3", "1"], ["3", "3"]], [["0", "0"], ["0", "3"], ["2", "0"], ["2", "2"], ["3", "0"], ["3", "1"]], [["0", "1"], ["1", "0"], ["1", "2"], ["2", "0"], ["2", "3"], ["3", "2"]], [["0", "3"], ["1", "0"], ["2", "2"], ["2", "3"], ["3", "0"], ["3", "2"]], [["0", "1"], ["0", "2"], ["1", "2"], ["1", "3"], ["3", "0"], ["3", "3"]], [["0", "0"], ["0", "3"], ["1", "1"], ["1", "3"], ["3", "2"], ["3", "3"]]], "29": [[["0", "0"], ["0", "3"], ["1", "0"], ["1", "2"], ["2", "1"], ["2", "2"]], [["1", "0"], ["1", "1"], ["2", "1"], ["2", "3"], ["3", "0"], ["3", "2"]], [["0", "2"], ["1", "0"], ["1", "1"], ["2", "2"], ["3", "0"], ["3", "3"]], [["0", "2"], ["0", "3"], ["1", "3"], ["2", "0"], ["2", "1"], ["3", "1"]], [["0", "3"], ["1", "0"], ["1", "1"], ["2", "0"], ["2", "3"], ["3", "1"]], [["0", "1"], ["0", "2"], ["1", "0"], ["1", "3"], ["3", "1"], ["3", "3"]], [["0", "0"], ["1", "0"], ["2", "2"], ["2", "3"], ["3", "1"], ["3", "3"]], [["0", "1"], ["0", "3"], ["1", "1"], ["1", "2"], ["2", "0"], ["2", "2"]], [["0", "2"], ["0", "3"], ["1", "2"], ["2", "1"], ["2", "3"], ["3", "1"]], [["0", "2"], ["1", "3"], ["2", "2"], ["2", "3"], ["3", "0"], ["3", "1"]], [["0", "1"], ["0", "2"], ["1", "0"], ["2", "0"], ["2", "1"], ["3", "2"]], [["0", "1"], ["0", "2"], ["2", "2"], ["2", "3"], ["3", "0"], ["3", "2"]], [["0", "2"], ["0", "3"], ["1", "0"], ["1", "1"], ["2", "2"], ["3", "3"]], [["0", "0"], ["1", "1"], ["2", "3"], ["3", "0"], ["3", "1"], ["3", "3"]], [["0", "0"], ["0", "2"], ["2", "1"], ["2", "2"], ["3", "2"], ["3", "3"]], [["0", "2"], ["0", "3"], ["1", "0"], ["1", "3"], ["2", "1"], ["3", "1"]]]}